Zone,State,City,Name,Type,Establishment Year,time needed to visit in hrs,Google review rating,Entrance Fee in INR,Airport with 50km Radius,Weekly Off,Significance,DSLR Allowed,Number of google review in lakhs,Best Time to visit,Image URL,architectural_style,architectural_style_filled
Western,Maharastra,Mumbai,Siddhivinayak Temple,Temple,1881,2.0,4.8,0,Yes,,Religious,No,1.05,All,https://upload.wikimedia.org/wikipedia/commons/b/b9/Shree_Siddhivinayak_Temple_Mumbai.jpg,,
Western,Gujarat,Somnath,Somnath Temple,Temple,1951,2.0,4.8,0,No,,Religious,No,0.39,Morning,https://upload.wikimedia.org/wikipedia/commons/thumb/1/10/Somanath_mandir_%28cropped%29.jpg/640px-Somanath_mandir_%28cropped%29.jpg,,
Western,Maharastra,Kolhapur,Mahalakshmi Temple,Temple,700,1.0,4.8,0,Yes,,Religious,No,0.9,All,https://upload.wikimedia.org/wikipedia/commons/thumb/5/53/Mahalaxmi_Temple%2C_Kolhapur.jpg/640px-Mahalaxmi_Temple%2C_Kolhapur.jpg,Hemadpanti architecture,
Central,Madhya Pradesh,Ujjain,Mahakaleshwar Jyotirlinga,Temple,-3500,1.5,4.8,0,Yes,,Religious,No,1.2,All,https://upload.wikimedia.org/wikipedia/commons/thumb/7/7d/Mahakal_Temple_Ujjain.JPG/1200px-Mahakal_Temple_Ujjain.JPG,,
Central,Madhya Pradesh,Orchha,Orchha Fort,Fort,1500,1.5,4.8,10,No,,Historical,Yes,0.1,Afternoon,https://dynamic-media-cdn.tripadvisor.com/media/photo-o/16/1d/24/96/the-marvellous-orchha.jpg?w=900&h=500&s=1,,
Northern,Uttarakhand,Badrinath,Badrinath Temple,Temple,-820,1.0,4.8,0,No,,Religious,No,0.29,All,https://upload.wikimedia.org/wikipedia/commons/f/f9/Badrinath_Temple_%2C_Uttarakhand.jpg,,
Northern,Uttarakhand,Uttarkashi,Gangotri Temple,Temple,1751,1.0,4.8,0,No,,Religious,No,0.05,All,https://dynamic-media-cdn.tripadvisor.com/media/photo-o/0d/45/3b/da/the-main-temple.jpg?w=1200&h=-1&s=1,,
Northern,Uttarakhand,Chopta,Tungnath Temple,Temple,751,2.0,4.8,0,No,,Religious,No,0.09,All,https://upload.wikimedia.org/wikipedia/commons/thumb/f/fc/Tungnath_temple.jpg/640px-Tungnath_temple.jpg,,
Central,Uttar Pradesh,Vrindavan,Banke Bihari Temple,Temple,1864,1.0,4.8,0,Yes,,Religious,No,0.37,All,https://upload.wikimedia.org/wikipedia/commons/e/e3/Banke_Bihari_Vrindavan.jpg,,
Central,Uttar Pradesh,Meerut,Augarnath Temple,Temple,Unknown,1.0,4.8,0,Yes,,Religious,No,0.045,All,https://upload.wikimedia.org/wikipedia/commons/thumb/7/73/Kali_Paltan_Mandir%2C_Meerut.jpg/1200px-Kali_Paltan_Mandir%2C_Meerut.jpg,,
Central,Uttar Pradesh,Vrindavan,Prem Mandir,Temple,2012,1.5,4.8,0,Yes,,Religious,Yes,0.49,Evening,https://upload.wikimedia.org/wikipedia/commons/thumb/8/8e/PremMandirSideViewFromCanteen.jpg/800px-PremMandirSideViewFromCanteen.jpg,,
Central,Uttar Pradesh,Mathura,Barsana Mandir,Temple,Unknown,1.0,4.8,0,Yes,,Religious,Yes,0.1,Morning,https://upload.wikimedia.org/wikipedia/commons/7/74/Radharani_Temple_Barsana_2.jpg,,
Southern,Tamil Nadu,Thanjavur,Brihadeeswarar Temple,Temple,110,1.5,4.8,0,Yes,,Religious,No,0.35,All,https://cdn.britannica.com/66/250066-050-B34A9532/Brihadishvara-Temple-Thanjavur-Tamil-Nadu-India.jpg,Chola architecture,
Northern,Uttarakhand,Kedarnath,Kedarnath,Temple,Unknown,1.5,4.8,0,No,,Religious,No,2.0,All,https://badrinath-kedarnath.gov.in/css_js_2024/img/kedarnath-4k.jpg,,
Western,Maharastra,Mumbai,Mahalaxmi Temple,Temple,1831,1.0,4.7,0,Yes,,Religious,No,0.33,All,https://upload.wikimedia.org/wikipedia/commons/5/53/Mahalaxmi_Temple%2C_Kolhapur.jpg,,
Southern,Telangana,Hyderabad,Birla Mandir,Temple,1976,1.0,4.7,0,Yes,,Religious,No,0.41,All,https://upload.wikimedia.org/wikipedia/commons/3/3c/Birla_Mandir%2C_Hyderabad.png,,
Eastern,West Bengal,Kolkata,Dakshineswar Kali Temple,Temple,1855,1.0,4.7,0,Yes,,Religious,Yes,0.82,Morning,https://upload.wikimedia.org/wikipedia/commons/thumb/3/32/Dakhineshwar_Temple_beside_the_Hoogly%2C_West_Bengal.JPG/800px-Dakhineshwar_Temple_beside_the_Hoogly%2C_West_Bengal.JPG,Navaratna,
Western,Gujarat,Dwarka,Dwarkadhish Temple,Temple,-400,2.0,4.7,0,No,,Religious,No,0.59,Evening,https://upload.wikimedia.org/wikipedia/commons/a/a2/Dwarkadheesh_temple.jpg,Māru-Gurjara architecture,
Southern,Kerala,Thiruvananthapuram,Padmanabhaswamy Temple,Temple,Unknown,1.0,4.7,0,Yes,,Religious,No,0.46,All,https://upload.wikimedia.org/wikipedia/commons/d/d2/Sree_Padmanabhaswamy_temple_01.jpg,,
Southern,Karnataka,Murudeshwar,Murudeshwar Temple,Temple,Unknown,1.0,4.7,0,Yes,,Religious,No,0.49,All,https://dynamic-media-cdn.tripadvisor.com/media/photo-o/0e/73/8a/ad/murudeshwar.jpg?w=1200&h=1200&s=1,,
Southern,Karnataka,Halebidu,Halebidu Hoysaleswara Temple,Temple,1121,1.0,4.7,15,No,,Religious,No,0.11,All,https://media.meer.com/attachments/f7d6921ad0115a039e4a410081b28c60ab3f1564/store/fill/1090/613/b732c147bc434b3a19581501d1cbdcce7757cfefe3a28a417e8e9f9c9e03/An-entrance-into-the-Hoysaleshwara-temple-in-Halebidu.jpg,,
Western,Maharastra,Shirdi,Sai Baba Temple,Temple,1922,1.5,4.7,0,Yes,,Religious,No,0.69,All,https://dynamic-media-cdn.tripadvisor.com/media/photo-o/0b/ab/9c/b1/shirdi-sai-baba-mandir.jpg?w=1200&h=-1&s=1,Wada,
Western,Maharastra,Ratnagiri,Ganapatipule Temple,Temple,1600,1.0,4.7,0,No,,Religious,No,0.1,All,https://www.ganpatipule.co.in/images/slider/5.jpg,,
Western,Maharashtra,Ajanta,Ellora Caves,Cave,600,3.0,4.7,30,Yes,Tuesday,Historical,Yes,0.49,Afternoon,https://whc.unesco.org/uploads/thumbs/site_0243_0001-1200-630-20151104152442.jpg,,
Central,Madhya Pradesh,Khajuraho,Khajuraho Group of Monuments,Temples,-850,2.0,4.7,40,No,,Cultural,Yes,0.09,Afternoon,https://upload.wikimedia.org/wikipedia/commons/thumb/c/c8/Khajuraho_Group_of_Monuments_4.jpg/1200px-Khajuraho_Group_of_Monuments_4.jpg,,
Central,Madhya Pradesh,Bhopal,Sanchi Stupa,Monument,-300,1.5,4.7,30,Yes,,Historical,Yes,0.01,Afternoon,https://upload.wikimedia.org/wikipedia/commons/thumb/1/12/East_Gateway_-_Stupa_1_-_Sanchi_Hill_2013-02-21_4398.JPG/250px-East_Gateway_-_Stupa_1_-_Sanchi_Hill_2013-02-21_4398.JPG,"Buddhist, Mauryan",
Northern,Himachal Pradesh,dalhousie,Dalai Lama Temple,Temple,1959,1.5,4.7,0,Yes,,Religious,No,0.15,All,https://customtoursindia.com/wp-content/uploads/2024/07/Visiting-Dharamshala-Home-of-the-Dalai-Lama-in-India.webp,,
Central,Uttar Pradesh,Varanasi,Kashi Vishwanath Temple,Temple,Unknown,1.0,4.7,0,Yes,,Religious,No,0.9,All,https://upload.wikimedia.org/wikipedia/commons/f/ff/Kashi_Vishwanath.jpg,,
Central,Uttar Pradesh,Mathura,Krishna Janmabhoomi,Temple,Unknown,1.0,4.7,0,Yes,,Religious,No,0.13,All,https://dynamic-media-cdn.tripadvisor.com/media/photo-o/0c/90/3e/20/img-20160817-122832-largejpg.jpg?w=1200&h=1200&s=1,,
Northern,Jammu and Kashmir,Jammu,Vaishno Devi,Temple,Unknown,5.0,4.7,0,Yes,,Religious,No,0.55,All,https://upload.wikimedia.org/wikipedia/commons/c/c8/Vaishno_devi.jpg,,
Eastern,West Bengal,Bolpur,Kankalitala Temple,Temple,Unknown,0.5,4.7,0,Yes,,Religious,No,0.045,All,https://upload.wikimedia.org/wikipedia/commons/4/4e/Kankalitala_Temple_complex%2C_Birbhum%2C_West_Bengal_05.jpg,,
Eastern,Odisha,Puri,Jagannath Temple,Temple,12th century,2.0,4.7,0,Yes,,Religious,No,1.0,All,http://pujacraft.com/cdn/shop/articles/PTI04_24_2021_000120A_1619272465136_1641572422757.webp?v=1686066690,,
Eastern,Odisha,Konark,Sun Temple,Temple,1250,1.5,4.7,40,Yes,,Historical,Yes,0.83,All,https://upload.wikimedia.org/wikipedia/commons/4/47/Konarka_Temple.jpg,Kalinga,
Southern,Tamil Nadu,Madurai,Meenakshi Amman Temple,Temple,6th century AD,2.0,4.7,0,Yes,,Religious,No,0.65,All,https://lookaside.instagram.com/seo/google_widget/crawler/?media_id=3539467584758186787,,
Southern,Tamil Nadu,Coimbatore,Marudamalai Temple,Temple,12th century,1.0,4.7,0,Yes,,Religious,No,0.3,All,https://upload.wikimedia.org/wikipedia/commons/4/46/Maruthamalai_Rajagopuram_1.jpg,,
Southern,Tamil Nadu,Chidambaram,Nataraja Temple,Temple,10th century,1.0,4.7,0,Yes,,Religious,No,0.28,All,https://upload.wikimedia.org/wikipedia/commons/4/44/Le_temple_de_Shiva_Nataraja_%28Chidambaram%2C_Inde%29_%2814037020332%29.jpg,,
Southern,Andhra Pradesh,Vijayawada,Kanaka Durga Temple,Temple,Unknown,1.0,4.7,0,Yes,,Religious,No,0.44,All,https://upload.wikimedia.org/wikipedia/commons/b/ba/Kanakadurga_Temple_gopuram.jpg,,
Southern,Andhra Pradesh,Srisailam,Mallikarjuna Swamy Temple,Temple,14th century,1.0,4.7,0,No,,Religious,No,0.49,All,https://upload.wikimedia.org/wikipedia/commons/c/c0/Srisailam.jpg,,
Southern,Andhra Pradesh,Amravati,Amaravathi Temple,Temple,Unknown,1.0,4.7,0,Yes,,Religious,No,0.041,All,https://s7ap1.scene7.com/is/image/incredibleindia/amaralingeshwara-temple-amaravati-andhra-pradesh-1-attr-hero?qlt=82&ts=1726743722820,,
Southern,Andhra Pradesh,Vizianagaram,Simhachalam Temple,Temple,198,1.0,4.7,0,Yes,,Religious,No,0.59,All,https://upload.wikimedia.org/wikipedia/commons/1/18/Simhachalam_temple_from_a_hilltop.jpg,"Kalinga architecture
Dravidian Architecture",
North Eastern,Assam,Sivasagar,Sivasagar Sivadol,Temple,1734,1.0,4.7,0,No,,Historical,Yes,0.065,All,https://upload.wikimedia.org/wikipedia/commons/7/79/Siva_Dol.JPG,,
Eastern,Jharkhand,Deoghar,Baba Baidyanath Temple,Temple,Unknown,1.0,4.7,0,Yes,,Religious,Yes,1.8,All,https://upload.wikimedia.org/wikipedia/commons/e/e2/Baba_Dham.jpg,Nagara,
Eastern,Bihar,Bodh Gaya,Mahabodhi Temple,Temple,-260,1.5,4.7,0,Yes,,Religious,Yes,0.2,All,https://whc.unesco.org/uploads/thumbs/site_1056_0001-750-750-20120601152647.jpg,,
Southern,Tamil Nadu,Rameswaram,Ramanathaswamy Temple,Temple,Unknown,1.5,4.7,0,Yes,,Religious,No,0.1,All,https://upload.wikimedia.org/wikipedia/commons/thumb/8/84/Ramanathaswamy_temple7.JPG/1200px-Ramanathaswamy_temple7.JPG,,
Northern,Delhi,Delhi,Akshardham Temple,Temple,2005,5.0,4.6,60,Yes,,Religious,No,0.4,Afternoon,https://i0.wp.com/singhruby.com/wp-content/uploads/2016/01/akshardham_facts_and_figure_banner.jpg,,
Western,Maharastra,Mumbai,Gateway of India,Monument,1924,1.0,4.6,0,Yes,,Historical,Yes,3.6,All,https://upload.wikimedia.org/wikipedia/commons/thumb/3/3a/Mumbai_03-2016_30_Gateway_of_India.jpg/800px-Mumbai_03-2016_30_Gateway_of_India.jpg,"Indo-Saracenic
Architecture of Marathas[A]",
Western,Maharastra,Mumbai,Chhatrapati Shivaji Maharaj Vastu Sangrahalaya,Museum,1922,1.0,4.6,500,Yes,,Historical,Yes,0.34,All,https://upload.wikimedia.org/wikipedia/commons/7/79/Chhatrapati_Shivaji_Maharaj_Vastu_Sangrahalaya.jpg,,
Southern,Karnataka,Bangalore,ISKCON Temple Bangalore,Temple,1997,1.0,4.6,0,Yes,,Religious,Yes,1.14,Evening,https://upload.wikimedia.org/wikipedia/commons/1/11/ISKCON_Banglaore_Temple.jpg,,
Eastern,West Bengal,Kolkata,Victoria Memorial,Museum,1921,1.5,4.6,30,Yes,Monday,Historical,Yes,0.73,Morning,https://upload.wikimedia.org/wikipedia/commons/7/72/Victoria_Memorial_situated_in_Kolkata.jpg,,
Eastern,West Bengal,Kolkata,Indian Museum,Museum,1814,2.0,4.6,50,Yes,Monday,Historical,Yes,0.18,Morning,https://upload.wikimedia.org/wikipedia/commons/8/8c/Indian_Museum%2C_Courtyard%2C_Kolkata%2C_India.jpg,,
Western,Gujarat,Kevadia,Statue of Unity,Monument,2018,3.0,4.6,350,No,Monday,Historical,Yes,0.67,All,https://upload.wikimedia.org/wikipedia/commons/0/07/Statue_of_Unity.jpg,,
Northern,Rajasthan,Jodhpur,Mehrangarh Fort,Fort,1459,2.0,4.6,100,Yes,,Historical,Yes,0.64,All,https://cdn.britannica.com/39/242539-050-97AFAE4E/Mehrangarh-fortress-Jodhpur-Rajasthan-India.jpg,,
Northern,Rajasthan,Chittorgarh,Chittorgarh Fort,Fort,700,2.0,4.6,40,No,,Historical,Yes,1.9,All,https://upload.wikimedia.org/wikipedia/commons/thumb/3/3a/Chittorgarh_fort.JPG/1200px-Chittorgarh_fort.JPG,,
Northern,Rajasthan,Mount Abu,Dilwara Temples,Temple,1100,1.0,4.6,0,No,,Religious,No,0.05,All,https://upload.wikimedia.org/wikipedia/commons/8/81/Delwada.jpg,,
Northern,Rajasthan,Jaipur,Amber Fort,Fort,1592,2.0,4.6,100,Yes,,Historical,Yes,1.5,All,https://upload.wikimedia.org/wikipedia/commons/thumb/f/fb/20191219_Fort_Amber%2C_Amer%2C_Jaipur_0955_9481.jpg/800px-20191219_Fort_Amber%2C_Amer%2C_Jaipur_0955_9481.jpg,,
Southern,Karnataka,Mysore,Mysore Palace,Palace,1912,2.0,4.6,50,Yes,,Historical,Yes,2.5,All,https://upload.wikimedia.org/wikipedia/commons/thumb/a/a4/Mysore_Palace_Morning.jpg/1200px-Mysore_Palace_Morning.jpg,,
Southern,Karnataka,Badami,Badami Cave Temples,Cave,600,1.5,4.6,30,No,,Religious,No,0.2,All,https://upload.wikimedia.org/wikipedia/commons/7/7b/Vishnu_image_inside_cave_number_3_in_Badami.jpg,,
Western,Maharastra,Aurangabad,Ajanta Caves,Cave,200,3.0,4.6,30,Yes,Monday,Historical,Yes,0.21,Afternoon,https://upload.wikimedia.org/wikipedia/commons/thumb/c/c3/Ajanta_%2863%29.jpg/300px-Ajanta_%2863%29.jpg,,
Central,Uttar Pradesh,Sarnath,Dhamek Stupa,Monument,-500,1.0,4.6,5,Yes,,Historical,Yes,0.065,All,https://upload.wikimedia.org/wikipedia/commons/0/02/Dhamek_Stupa%2C_Sarnath.jpg,"Buddhist,  Mauryan art",
Eastern,West Bengal,Hooghly,Hangseswari Temple,Temple,1814,0.5,4.6,0,Yes,,Architectural,No,0.07,All,https://upload.wikimedia.org/wikipedia/commons/0/07/Hanseswari_Mandir.jpg,Unique architecture with 13 minars or  Ratnas,
Eastern,Odisha,Bhubaneswar,Lingaraj Temple,Temple,11th century,1.0,4.6,0,Yes,,Religious,No,0.35,All,https://upload.wikimedia.org/wikipedia/commons/8/83/LINGARAJ_TEMPLE_AMLAN_BISWAL_2024.jpg,,
Eastern,Odisha,Berhampur,Tara Tarini Temple,Temple,Ancient,1.0,4.6,0,Yes,,Religious,No,0.01,All,https://upload.wikimedia.org/wikipedia/commons/b/bb/Taratarini_maa.jpg,,
Southern,Tamil Nadu,Rameswaram,Ramanathaswamy Temple,Temple,12th century,1.5,4.6,0,No,,Religious,No,0.01,All,https://upload.wikimedia.org/wikipedia/commons/thumb/8/84/Ramanathaswamy_temple7.JPG/1200px-Ramanathaswamy_temple7.JPG,,
Southern,Tamil Nadu,Mahabalipuram,Shore Temple,Temple,7th century,1.0,4.6,40,Yes,,Historical,No,0.09,All,https://upload.wikimedia.org/wikipedia/commons/7/74/Shore_Temple_-Mamallapuram_-Tamil_Nadu_-N-TN-C55.jpg,,
Southern,Tamil Nadu,Tirunelveli,Nellaiappar Temple,Temple,7th century,1.0,4.6,0,Yes,,Religious,No,0.16,All,https://upload.wikimedia.org/wikipedia/commons/b/b8/Tirnelveli_Gandhimathiamman_Temple_Tower.JPG,,
Southern,Andhra Pradesh,Visakhapatnam,Submarine Museum,Museum,22,1.0,4.6,40,Yes,,Historical,Yes,0.49,All,https://upload.wikimedia.org/wikipedia/commons/thumb/3/34/Submarine_Museum.JPG/1200px-Submarine_Museum.JPG,,
North Eastern,Assam,Guwahati,Kamakhya Temple,Temple,Unknown,2.0,4.6,0,Yes,,Religious,No,0.21,All,https://upload.wikimedia.org/wikipedia/commons/thumb/d/dc/Kamakhya_Temple%2C_Guwahati.jpg/1200px-Kamakhya_Temple%2C_Guwahati.jpg,,
Western,Daman and Diu,Diu,Diu Fort,Fort,1535,1.5,4.6,0,No,,Historical,Yes,1.2,Afternoon,https://dynamic-media-cdn.tripadvisor.com/media/photo-o/10/53/f4/8e/beutiful-place.jpg?w=900&h=500&s=1,,
Eastern,Jharkhand,Ranchi,Pahari Mandir,Temple,Unknown,1.0,4.6,0,Yes,,Religious,Yes,0.13,All,https://upload.wikimedia.org/wikipedia/commons/0/0d/Pahari_Mandir_-_Ranchi_Hill_9243.JPG,,
Northern,Delhi,Delhi,Humayun's Tomb,Tomb,1572,2.0,4.5,30,Yes,,Historical,Yes,0.4,Afternoon,https://whc.unesco.org/uploads/thumbs/site_0232_0005-750-750-20210425155601.jpg,Mughal,
Northern,Delhi,Delhi,Lotus Temple,Temple,1986,1.0,4.5,0,Yes,Monday,Religious,Yes,0.59,Evening,https://upload.wikimedia.org/wikipedia/commons/thumb/f/fc/LotusDelhi.jpg/800px-LotusDelhi.jpg,Expressionist,
Northern,Delhi,Delhi,Red Fort,Fort,1648,2.0,4.5,35,Yes,,Historical,Yes,1.5,Afternoon,https://cdn.britannica.com/20/189820-050-D650A54D/Red-Fort-Old-Delhi-India.jpg,Indo-Islamic architecture,
Northern,Delhi,Delhi,National Gallery of Modern Art,Museum,1954,3.0,4.5,20,Yes,Monday,Artistic,Yes,0.08,All,https://upload.wikimedia.org/wikipedia/commons/3/31/Jaipur_House_Delhi.jpg,,
Northern,Delhi,Delhi,Qutub Minar,Monument,1192,1.0,4.5,35,Yes,,Historical,Yes,1.37,Afternoon,https://upload.wikimedia.org/wikipedia/commons/thumb/c/c0/Qutb_Minar_2011.jpg/200px-Qutb_Minar_2011.jpg,Islamic Architecture,
Western,Gujarat,Gandhinagar,Dandi Kutir,Museum,2013,1.5,4.5,0,No,,Historical,Yes,0.05,All,https://dandi-kutir.com/wp-content/uploads/2023/07/Picture2.jpg,,
Northern,Rajasthan,Bikaner,Junagarh Fort,Fort,1589,2.0,4.5,50,Yes,,Historical,Yes,0.32,All,https://dynamic-media-cdn.tripadvisor.com/media/photo-o/10/38/91/24/outside-of-the-fort.jpg?w=900&h=-1&s=1,,
Northern,Rajasthan,Jaipur,Jaigarh Fort,Fort,1726,1.5,4.5,35,Yes,,Historical,Yes,0.3,All,https://upload.wikimedia.org/wikipedia/commons/3/34/Rajasthan-Jaipur-Jaigarh-Fort-compound-Apr-2004-00.JPG,,
Southern,Kerala,Bekal,Bekal Fort,Fort,1650,1.5,4.5,20,No,,Historical,Yes,0.22,All,https://upload.wikimedia.org/wikipedia/commons/7/74/Bekal.jpg,,
Western,Maharastra,Nagpur,Deekshabhoomi,Monument,2001,1.0,4.5,0,Yes,,Religious,Yes,0.11,Afternoon,https://upload.wikimedia.org/wikipedia/commons/3/38/Deekshabhoomi_-_panoramio.jpg,Stupa,
Central,Madhya Pradesh,Gwalior,Gwalior Fort,Fort,900,2.5,4.5,75,Yes,,Historical,Yes,0.4,Morning,https://upload.wikimedia.org/wikipedia/commons/thumb/1/15/Gwalior_Fort_front.jpg/1200px-Gwalior_Fort_front.jpg,,
Northern,Uttarakhand,Dehradun,Robber's Cave,Cave,Unknown,1.5,4.5,25,Yes,,Nature,Yes,0.01,Morning,https://d1pk12b7bb81je.cloudfront.net/thumbor/o351uGqYDHJbvUVOv7pk1r1-SrE=/full-fit-in/800x800/https://d1pk12b7bb81je.cloudfront.net/okdataengine/appmedia/images/117/117542/Robbers%20Cave%20Oct%202019_LD_5283.jpeg.jpg,,
Northern,Jammu and Kashmir,Anantnag,Amarnath Cave,Temple,Unknown,6.0,4.5,0,No,,Religious,Yes,0.11,All,https://upload.wikimedia.org/wikipedia/commons/6/66/Cave_Temple_of_Lord_Amarnath.jpg,,
Eastern,West Bengal,Murshidabad,Hazarduari Palace,Palace,1837,1.5,4.5,10,Yes,Friday,Historical,Yes,0.18,Morning,https://upload.wikimedia.org/wikipedia/commons/e/e8/Hazarduari01_debaditya_chatterjee.jpg,NeoclassicalItalianateDoric,
Eastern,West Bengal,Cooch Behar,Cooch Behar Palace,Palace,1887,1.0,4.5,20,Yes,Friday,Historical,Yes,0.09,All,https://upload.wikimedia.org/wikipedia/commons/8/81/The_Cooch_Behar_Palace_or_the_Cooch_Behar_Rajbari%2C_Cooch_Behar_District%2C_West_Bengal%2C_India_01.jpg,Classical Western / Italian Renaissance,
Eastern,Odisha,Cuttack,Barabati Fort,Fort,-987,1.0,4.5,0,Yes,,Historical,Yes,0.13,All,https://upload.wikimedia.org/wikipedia/commons/9/95/Entrance_of_Barabati_fort.jpg,,
Southern,Andhra Pradesh,Kadapa,Gandikota Fort,Fort,12th century,1.5,4.5,0,No,,Historical,Yes,0.015,Morning,https://dynamic-media-cdn.tripadvisor.com/media/photo-o/15/4a/20/f2/grand-canyon-of-india.jpg?w=1200&h=1200&s=1,,
Southern,Andhra Pradesh,Visakhapatnam,Borra Caves,Cave,Unknown,2.0,4.5,60,No,,Natural Wonder,Yes,0.31,Afternoon,https://dynamic-media-cdn.tripadvisor.com/media/photo-o/0f/9d/80/6a/borra-caves.jpg?w=1200&h=1200&s=1,,
North Eastern,Assam,Hajo,Hayagriva Madhava Temple,Temple,Unknown,1.0,4.5,0,No,,Religious,Yes,0.9,All,https://upload.wikimedia.org/wikipedia/commons/c/c7/Hagriva_Madhava_Temple_side_view2.jpg,,
North Eastern,Tripura,Agartala,Ujjayanta Palace,Palace,1901,1.5,4.5,10,Yes,Monday,Historical,Yes,0.035,All,https://upload.wikimedia.org/wikipedia/commons/c/c8/Ujjayanta_palace_Tripura_State_Museum_Agartala_India.jpg,,
Western,Daman and Diu,Diu,Naida Caves,Cave,Unknown,1.0,4.5,0,No,,Nature,Yes,0.6,Afternoon,https://dynamic-media-cdn.tripadvisor.com/media/photo-o/0d/a3/00/53/img-20161116-140018-largejpg.jpg?w=1200&h=-1&s=1,,
Southern,Telangana,Hyderabad,Golconda Fort,Fort,1600,2.0,4.4,30,Yes,,Historical,Yes,1.2,Morning,https://upload.wikimedia.org/wikipedia/commons/5/56/Golconda_Fort_005.jpg,,
Southern,Telangana,Hyderabad,Salar Jung Museum,Museum,1951,2.0,4.4,20,Yes,,Historical,Yes,0.67,All,https://upload.wikimedia.org/wikipedia/commons/thumb/a/ac/Salar_Jung_Museum%2C_Hyderabad%2C_India.jpg/800px-Salar_Jung_Museum%2C_Hyderabad%2C_India.jpg,,
Southern,Telangana,Hyderabad,Qutb Shahi Tombs,Tombs,1600,1.0,4.4,25,Yes,,Historical,Yes,0.2,Morning,https://upload.wikimedia.org/wikipedia/commons/0/08/Qutb_Shahi_Tomb_5.jpg,Indo-IslamicQutb Shahi,
Southern,Telangana,Hyderabad,Chowmahalla Palace,Palace,1800,1.5,4.4,80,Yes,,Historical,Yes,0.45,Morning,https://upload.wikimedia.org/wikipedia/commons/thumb/c/ce/Chowmahalla_Palace_01.jpg/800px-Chowmahalla_Palace_01.jpg,,
Eastern,West Bengal,Kolkata,Kalighat Kali Temple,Temple,1809,1.0,4.4,0,Yes,,Religious,Yes,0.5,Morning,https://www.templepurohit.com/wp-content/uploads/2015/01/Kalighat-Kali-Temple-Kolkata.jpg,,
Eastern,West Bengal,Kolkata,Marble Palace,Palace,1835,1.0,4.4,0,Yes,,Historical,Yes,0.1,Afternoon,https://upload.wikimedia.org/wikipedia/commons/thumb/8/84/Marble_Palace-_Kolkata-_West_Bengal-_DSC_0006.jpg/1200px-Marble_Palace-_Kolkata-_West_Bengal-_DSC_0006.jpg,,
Western,Gujarat,Vadodara,Laxmi Vilas Palace,Palace,1890,2.0,4.4,200,Yes,Monday,Historical,Yes,0.17,Afternoon,https://upload.wikimedia.org/wikipedia/commons/b/bd/LakshmiVilas_Palace.jpg,Indo-Saracenic Revival architecture,
Northern,Rajasthan,Jaipur,Hawa Mahal,Palace,1799,1.0,4.4,50,Yes,,Architectural,Yes,1.3,Morning,https://upload.wikimedia.org/wikipedia/commons/4/41/East_facade_Hawa_Mahal_Jaipur_from_ground_level_%28July_2022%29_-_img_01.jpg,Hindu Rajput Architecture,
Northern,Rajasthan,Udaipur,City Palace,Palace,1559,2.0,4.4,300,Yes,,Historical,Yes,0.51,All,https://upload.wikimedia.org/wikipedia/commons/a/a4/Chandra_Mahal%2C_City_Palace%2C_Jaipur%2C_20191218_0951_9043.jpg,Rajput Architecture,
Northern,Rajasthan,Jaisalmer,Jaisalmer Fort,Fort,1156,2.5,4.4,50,No,,Historical,Yes,0.56,All,https://upload.wikimedia.org/wikipedia/commons/thumb/4/47/Jaisalmer_forteresse.jpg/1200px-Jaisalmer_forteresse.jpg,,
Northern,Rajasthan,Pushkar,Pushkar Lake,Temple,1400,1.5,4.4,0,No,,Religious,Yes,1.6,All,https://upload.wikimedia.org/wikipedia/commons/c/c3/Evening_lights_by_the_Pushkar_Lake%2C_Pushkar.jpg,,
Southern,Kerala,Kannur,St. Angelo Fort,Fort,1505,1.0,4.4,20,Yes,,Historical,Yes,0.11,All,https://upload.wikimedia.org/wikipedia/commons/6/65/Malta_-_Birgu_-_Fort_Saint_Angelo_%28Upper_Barrakka_Gardens%29_01_ies.jpg,,
Western,Maharastra,Pune,Shaniwar Wada,Fort,1732,2.0,4.4,50,Yes,,Historical,Yes,1.2,All,https://upload.wikimedia.org/wikipedia/commons/thumb/d/d1/Shaniwar_wada_%28pune%29.jpg/1200px-Shaniwar_wada_%28pune%29.jpg,Maratha architecture,
Western,Maharastra,Lonavala,Karla Caves,Cave,200,1.5,4.4,25,Yes,Yes,Historical,Yes,0.27,Afternoon,https://upload.wikimedia.org/wikipedia/commons/f/ff/Karla_caves_Chaitya.jpg,,
Central,Madhya Pradesh,Indore,Rajwada Palace,Palace,1747,1.0,4.4,10,Yes,,Historical,Yes,0.63,Afternoon,https://upload.wikimedia.org/wikipedia/commons/e/e1/Indore_Rajwada01.jpg,"Mixed, Maratha style",
Central,Madhya Pradesh,Amarkantak,Narmada Udgam Temple,Temple,1200,1.0,4.4,0,No,,Religious,Yes,0.01,All,https://dynamic-media-cdn.tripadvisor.com/media/photo-o/0d/bb/f0/f6/photo.jpg?w=1200&h=-1&s=1,,
Northern,Himachal Pradesh,Kangra,Kangra Fort,Fort,400,2.0,4.4,150,Yes,,Historical,Yes,0.1,All,https://upload.wikimedia.org/wikipedia/commons/f/f0/Kangra_Fort_%2CHimachal_Pradesh_06.jpg,,
Central,Uttar Pradesh,Lucknow,Bara Imambara,Monument,1784,1.5,4.4,50,Yes,Monday,Historical,No,0.45,All,https://static.toiimg.com/thumb/103890956/Bara-Imambara.jpg?width=1200&height=900,MughalIndo-Islamic,
Central,Uttar Pradesh,Jhansi,Jhansi Fort,Fort,1613,1.5,4.4,15,Yes,,Historical,Yes,0.25,All,https://upload.wikimedia.org/wikipedia/commons/e/e8/Jhansi_Fort.jpg,,
Central,Uttar Pradesh,Fatehpur Sikri,Buland Darwaza,Monument,1571,2.0,4.4,40,Yes,,Historical,Yes,0.07,Afternoon,https://upload.wikimedia.org/wikipedia/commons/thumb/b/b5/Fatehput_Sikiri_Buland_Darwaza_gate_2010.jpg/800px-Fatehput_Sikiri_Buland_Darwaza_gate_2010.jpg,,
Southern,Andhra Pradesh,Kurnool,Belum Caves,Cave,Unknown,1.5,4.4,65,Yes,,Natural Wonder,Yes,0.11,Afternoon,https://dynamic-media-cdn.tripadvisor.com/media/photo-o/11/1c/95/33/group-outing-belum-caves3.jpg?w=1200&h=-1&s=1,,
Northern,Rajasthan,Jaipur,City Palace,Palace,1727,2.0,4.4,200,Yes,,Historical,Yes,0.51,Morning,https://upload.wikimedia.org/wikipedia/commons/a/a4/Chandra_Mahal%2C_City_Palace%2C_Jaipur%2C_20191218_0951_9043.jpg,Rajput Architecture,
Western,Maharastra,Mumbai,Elephanta Caves,Monument,1987,4.0,4.3,550,Yes,,Historical,Yes,0.35,All ,https://whc.unesco.org/uploads/thumbs/site_0244_0004-750-750-20100705114254.jpg,,
Southern,Karnataka,Bangalore,Bangalore Palace,Palace,1878,2.0,4.2,500,Yes,Monday,Historical,Yes,0.9,Morning,https://upload.wikimedia.org/wikipedia/commons/8/8f/Bangalore_Mysore_Maharaja_Palace.jpg,Tudor Revival architecture,
Southern,Goa,Goa,Fort Aguada,Fort,1612,1.5,4.2,0,Yes,,Historical,Yes,0.95,Morning,https://upload.wikimedia.org/wikipedia/commons/a/ad/Fort_aguada.jpg,,
Southern,Goa,Goa,Chapora Fort,Fort,1617,1.0,4.2,0,Yes,,Historical,Yes,0.19,Evening,https://upload.wikimedia.org/wikipedia/commons/3/35/Fort_Chapora_26012016.jpg,,
Central,Uttar Pradesh,Aligarh,Aligarh Fort,Fort,1524,1.0,4.1,20,Yes,,Historical,Yes,0.0165,Afternoon,https://upload.wikimedia.org/wikipedia/commons/7/74/Aligarh_fort%2C_Aligarh.jpg,,
