Zone,State,City,Name,Type,Establishment Year,time needed to visit in hrs,Google review rating,Entrance Fee in INR,Airport with 50km Radius,Weekly Off,Significance,DSLR Allowed,Number of google review in lakhs,Best Time to visit,Image URL,architectural_style,year_built,latitude,longitude
Western,Maharastra,Mumbai,Siddhivinayak Temple,Temple,1881,2.0,4.8,0,Yes,,Religious,No,1.05,All,https://upload.wikimedia.org/wikipedia/commons/b/b9/Shree_Siddhivinayak_Temple_Mumbai.jpg,Maratha,19 November 1801 ; 224 years ago ( 19 November 1801 ),19.054999,72.8692035
Western,Gujarat,Somnath,Somnath Temple,Temple,1951,2.0,4.8,0,No,,Religious,No,0.39,Morning,https://upload.wikimedia.org/wikipedia/commons/thumb/1/10/Somanath_mandir_%28cropped%29.jpg/640px-Somanath_mandir_%28cropped%29.jpg,Chalukya,1951,20.8957174,70.4080467
Western,Maharastra,Kolhapur,Mahalakshmi Temple,Temple,700,1.0,4.8,0,Yes,,Religious,No,0.9,All,https://upload.wikimedia.org/wikipedia/commons/thumb/5/53/Mahalaxmi_Temple%2C_Kolhapur.jpg/640px-Mahalaxmi_Temple%2C_Kolhapur.jpg,Hemadpanti architecture,7th century CE,16.7028412,74.2405329
Central,Madhya Pradesh,Ujjain,Mahakaleshwar Jyotirlinga,Temple,-3500,1.5,4.8,0,Yes,,Religious,No,1.2,All,https://upload.wikimedia.org/wikipedia/commons/thumb/7/7d/Mahakal_Temple_Ujjain.JPG/1200px-Mahakal_Temple_Ujjain.JPG,Dravidian,Date not found in infobox,23.1885131,75.7716562
Central,Madhya Pradesh,Orchha,Orchha Fort,Fort,1500,1.5,4.8,10,No,,Historical,Yes,0.1,Afternoon,https://dynamic-media-cdn.tripadvisor.com/media/photo-o/16/1d/24/96/the-marvellous-orchha.jpg?w=900&h=500&s=1,Bundela,Date not found in infobox,25.3528706,78.6402465
Northern,Uttarakhand,Badrinath,Badrinath Temple,Temple,-820,1.0,4.8,0,No,,Religious,No,0.29,All,https://upload.wikimedia.org/wikipedia/commons/f/f9/Badrinath_Temple_%2C_Uttarakhand.jpg,Nagara,Date not found in infobox,30.7423302,79.4930256
Northern,Uttarakhand,Uttarkashi,Gangotri Temple,Temple,1751,1.0,4.8,0,No,,Religious,No,0.05,All,https://dynamic-media-cdn.tripadvisor.com/media/photo-o/0d/45/3b/da/the-main-temple.jpg?w=1200&h=-1&s=1,Nagara,Date not found in infobox,30.9635733,78.6362521
Northern,Uttarakhand,Chopta,Tungnath Temple,Temple,751,2.0,4.8,0,No,,Religious,No,0.09,All,https://upload.wikimedia.org/wikipedia/commons/thumb/f/fc/Tungnath_temple.jpg/640px-Tungnath_temple.jpg,Himalayan,Unknown,30.1801851,79.367685
Central,Uttar Pradesh,Vrindavan,Banke Bihari Temple,Temple,1864,1.0,4.8,0,Yes,,Religious,No,0.37,All,https://upload.wikimedia.org/wikipedia/commons/e/e3/Banke_Bihari_Vrindavan.jpg,Traditional North Indian,1862 ,27.5753726,77.6938045
Central,Uttar Pradesh,Meerut,Augarnath Temple,Temple,Unknown,1.0,4.8,0,Yes,,Religious,No,0.045,All,https://upload.wikimedia.org/wikipedia/commons/thumb/7/73/Kali_Paltan_Mandir%2C_Meerut.jpg/1200px-Kali_Paltan_Mandir%2C_Meerut.jpg,Nagara style,Date not found in infobox,29.0018557,77.7679671
Central,Uttar Pradesh,Vrindavan,Prem Mandir,Temple,2012,1.5,4.8,0,Yes,,Religious,Yes,0.49,Evening,https://upload.wikimedia.org/wikipedia/commons/thumb/8/8e/PremMandirSideViewFromCanteen.jpg/800px-PremMandirSideViewFromCanteen.jpg,Traditional Hindu Temple,17 February 2012,27.5753726,77.6938045
Central,Uttar Pradesh,Mathura,Barsana Mandir,Temple,Unknown,1.0,4.8,0,Yes,,Religious,Yes,0.1,Morning,https://upload.wikimedia.org/wikipedia/commons/7/74/Radharani_Temple_Barsana_2.jpg,Nagar style,2019,27.4955539,77.6855554
Southern,Tamil Nadu,Thanjavur,Brihadeeswarar Temple,Temple,110,1.5,4.8,0,Yes,,Religious,No,0.35,All,https://cdn.britannica.com/66/250066-050-B34A9532/Brihadishvara-Temple-Thanjavur-Tamil-Nadu-India.jpg,Chola architecture,1010 CE  ,10.659037,79.2014278
Northern,Uttarakhand,Kedarnath,Kedarnath,Temple,Unknown,1.5,4.8,0,No,,Religious,No,2.0,All,https://badrinath-kedarnath.gov.in/css_js_2024/img/kedarnath-4k.jpg,Nagara,Date not found in infobox,30.7338877,79.0669073
Western,Maharastra,Mumbai,Mahalaxmi Temple,Temple,1831,1.0,4.7,0,Yes,,Religious,No,0.33,All,https://upload.wikimedia.org/wikipedia/commons/5/53/Mahalaxmi_Temple%2C_Kolhapur.jpg,Hindu Temple,1831,19.054999,72.8692035
Southern,Telangana,Hyderabad,Birla Mandir,Temple,1976,1.0,4.7,0,Yes,,Religious,No,0.41,All,https://upload.wikimedia.org/wikipedia/commons/3/3c/Birla_Mandir%2C_Hyderabad.png,Modern Hindu Temple,,17.360589,78.4740613
Eastern,West Bengal,Kolkata,Dakshineswar Kali Temple,Temple,1855,1.0,4.7,0,Yes,,Religious,Yes,0.82,Morning,https://upload.wikimedia.org/wikipedia/commons/thumb/3/32/Dakhineshwar_Temple_beside_the_Hoogly%2C_West_Bengal.JPG/800px-Dakhineshwar_Temple_beside_the_Hoogly%2C_West_Bengal.JPG,Navaratna,31 May 1855 ; 170 years ago ( 1855-05-31 ),22.5726459,88.3638953
Western,Gujarat,Dwarka,Dwarkadhish Temple,Temple,-400,2.0,4.7,0,No,,Religious,No,0.59,Evening,https://upload.wikimedia.org/wikipedia/commons/a/a2/Dwarkadheesh_temple.jpg,Māru-Gurjara architecture,15th–16th century (present architecture),22.2424747,68.9671448
Southern,Kerala,Thiruvananthapuram,Padmanabhaswamy Temple,Temple,Unknown,1.0,4.7,0,Yes,,Religious,No,0.46,All,https://upload.wikimedia.org/wikipedia/commons/d/d2/Sree_Padmanabhaswamy_temple_01.jpg,Kerala,Date not found in infobox,8.4882267,76.947551
Southern,Karnataka,Murudeshwar,Murudeshwar Temple,Temple,Unknown,1.0,4.7,0,Yes,,Religious,No,0.49,All,https://dynamic-media-cdn.tripadvisor.com/media/photo-o/0e/73/8a/ad/murudeshwar.jpg?w=1200&h=1200&s=1,Dravidian,Date not found in infobox,15.3410864,75.1197114
Southern,Karnataka,Halebidu,Halebidu Hoysaleswara Temple,Temple,1121,1.0,4.7,15,No,,Religious,No,0.11,All,https://media.meer.com/attachments/f7d6921ad0115a039e4a410081b28c60ab3f1564/store/fill/1090/613/b732c147bc434b3a19581501d1cbdcce7757cfefe3a28a417e8e9f9c9e03/An-entrance-into-the-Hoysaleshwara-temple-in-Halebidu.jpg,Hoysala,12th-century,12.5923947,76.6913469
Western,Maharastra,Shirdi,Sai Baba Temple,Temple,1922,1.5,4.7,0,Yes,,Religious,No,0.69,All,https://dynamic-media-cdn.tripadvisor.com/media/photo-o/0b/ab/9c/b1/shirdi-sai-baba-mandir.jpg?w=1200&h=-1&s=1,Wada,Date not found in infobox,19.7668121,74.4754386
Western,Maharastra,Ratnagiri,Ganapatipule Temple,Temple,1600,1.0,4.7,0,No,,Religious,No,0.1,All,https://www.ganpatipule.co.in/images/slider/5.jpg,Konkan,Date not found in infobox,17.2826079,73.4569787
Western,Maharashtra,Ajanta,Ellora Caves,Cave,600,3.0,4.7,30,Yes,Tuesday,Historical,Yes,0.49,Afternoon,https://whc.unesco.org/uploads/thumbs/site_0243_0001-1200-630-20151104152442.jpg,Rock-cut,Date not found in infobox,20.532524,75.7513692
Central,Madhya Pradesh,Khajuraho,Khajuraho Group of Monuments,Temples,-850,2.0,4.7,40,No,,Cultural,Yes,0.09,Afternoon,https://upload.wikimedia.org/wikipedia/commons/thumb/c/c8/Khajuraho_Group_of_Monuments_4.jpg/1200px-Khajuraho_Group_of_Monuments_4.jpg,Nagara,Date not found in infobox,24.8515132,79.9259786
Central,Madhya Pradesh,Bhopal,Sanchi Stupa,Monument,-300,1.5,4.7,30,Yes,,Historical,Yes,0.01,Afternoon,https://upload.wikimedia.org/wikipedia/commons/thumb/1/12/East_Gateway_-_Stupa_1_-_Sanchi_Hill_2013-02-21_4398.JPG/250px-East_Gateway_-_Stupa_1_-_Sanchi_Hill_2013-02-21_4398.JPG,"Buddhist, Mauryan",3rd century BCE,23.2584857,77.401989
Northern,Himachal Pradesh,dalhousie,Dalai Lama Temple,Temple,1959,1.5,4.7,0,Yes,,Religious,No,0.15,All,https://customtoursindia.com/wp-content/uploads/2024/07/Visiting-Dharamshala-Home-of-the-Dalai-Lama-in-India.webp,Tibetan,Date not found in infobox,32.5435755,75.9448409
Central,Uttar Pradesh,Varanasi,Kashi Vishwanath Temple,Temple,Unknown,1.0,4.7,0,Yes,,Religious,No,0.9,All,https://upload.wikimedia.org/wikipedia/commons/f/ff/Kashi_Vishwanath.jpg,Nagara style,1780,25.3356491,83.0076292
Central,Uttar Pradesh,Mathura,Krishna Janmabhoomi,Temple,Unknown,1.0,4.7,0,Yes,,Religious,No,0.13,All,https://dynamic-media-cdn.tripadvisor.com/media/photo-o/0c/90/3e/20/img-20160817-122832-largejpg.jpg?w=1200&h=1200&s=1,Nagara style,1982,27.4955539,77.6855554
Northern,Jammu and Kashmir,Jammu,Vaishno Devi,Temple,Unknown,5.0,4.7,0,Yes,,Religious,No,0.55,All,https://upload.wikimedia.org/wikipedia/commons/c/c8/Vaishno_devi.jpg,Cave Temple,Date not found in infobox,32.7185614,74.8580917
Eastern,West Bengal,Bolpur,Kankalitala Temple,Temple,Unknown,0.5,4.7,0,Yes,,Religious,No,0.045,All,https://upload.wikimedia.org/wikipedia/commons/4/4e/Kankalitala_Temple_complex%2C_Birbhum%2C_West_Bengal_05.jpg,At Chala style (or Traditional Bengali),Date not found in infobox,23.661154,87.6962424
Eastern,Odisha,Puri,Jagannath Temple,Temple,12th century,2.0,4.7,0,Yes,,Religious,No,1.0,All,http://pujacraft.com/cdn/shop/articles/PTI04_24_2021_000120A_1619272465136_1641572422757.webp?v=1686066690,Kalinga architecture,1161 CE ,19.8076083,85.8252538
Eastern,Odisha,Konark,Sun Temple,Temple,1250,1.5,4.7,40,Yes,,Historical,Yes,0.83,All,https://upload.wikimedia.org/wikipedia/commons/4/47/Konarka_Temple.jpg,Kalinga architecture,c. 1250,19.9074292,86.1420195
Southern,Tamil Nadu,Madurai,Meenakshi Amman Temple,Temple,6th century AD,2.0,4.7,0,Yes,,Religious,No,0.65,All,https://lookaside.instagram.com/seo/google_widget/crawler/?media_id=3539467584758186787,Nayaka style,Date not found in infobox,9.9261153,78.1140983
Southern,Tamil Nadu,Coimbatore,Marudamalai Temple,Temple,12th century,1.0,4.7,0,Yes,,Religious,No,0.3,All,https://upload.wikimedia.org/wikipedia/commons/4/46/Maruthamalai_Rajagopuram_1.jpg,Dravidian,Date not found in infobox,11.0018115,76.9628425
Southern,Tamil Nadu,Chidambaram,Nataraja Temple,Temple,10th century,1.0,4.7,0,Yes,,Religious,No,0.28,All,https://upload.wikimedia.org/wikipedia/commons/4/44/Le_temple_de_Shiva_Nataraja_%28Chidambaram%2C_Inde%29_%2814037020332%29.jpg,Dravidian,Date not found in infobox,11.3920706,79.703025
Southern,Andhra Pradesh,Vijayawada,Kanaka Durga Temple,Temple,Unknown,1.0,4.7,0,Yes,,Religious,No,0.44,All,https://upload.wikimedia.org/wikipedia/commons/b/ba/Kanakadurga_Temple_gopuram.jpg,Dravidian,Date not found in infobox,16.5115306,80.6160469
Southern,Andhra Pradesh,Srisailam,Mallikarjuna Swamy Temple,Temple,14th century,1.0,4.7,0,No,,Religious,No,0.49,All,https://upload.wikimedia.org/wikipedia/commons/c/c0/Srisailam.jpg,Dravidian,Date not found in infobox,16.0737808,78.8727065
Southern,Andhra Pradesh,Amravati,Amaravathi Temple,Temple,Unknown,1.0,4.7,0,Yes,,Religious,No,0.041,All,https://s7ap1.scene7.com/is/image/incredibleindia/amaralingeshwara-temple-amaravati-andhra-pradesh-1-attr-hero?qlt=82&ts=1726743722820,Amaravati Style,Date not found in infobox,16.5299984,80.5270337
Southern,Andhra Pradesh,Vizianagaram,Simhachalam Temple,Temple,198,1.0,4.7,0,Yes,,Religious,No,0.59,All,https://upload.wikimedia.org/wikipedia/commons/1/18/Simhachalam_temple_from_a_hilltop.jpg,Kalinga architecture,1268 CE,18.1141255,83.4114389
North Eastern,Assam,Sivasagar,Sivasagar Sivadol,Temple,1734,1.0,4.7,0,No,,Historical,Yes,0.065,All,https://upload.wikimedia.org/wikipedia/commons/7/79/Siva_Dol.JPG,Ahom architecture,1734 ; 291 years ago ( 1734 ),26.9834936,94.6394226
Eastern,Jharkhand,Deoghar,Baba Baidyanath Temple,Temple,Unknown,1.0,4.7,0,Yes,,Religious,Yes,1.8,All,https://upload.wikimedia.org/wikipedia/commons/e/e2/Baba_Dham.jpg,Nagara style,Date not found in infobox,24.4898318,86.6990182
Eastern,Bihar,Bodh Gaya,Mahabodhi Temple,Temple,-260,1.5,4.7,0,Yes,,Religious,Yes,0.2,All,https://whc.unesco.org/uploads/thumbs/site_1056_0001-750-750-20120601152647.jpg,Gupta Architecture,Date not found in infobox,24.6939222,84.9839352
Southern,Tamil Nadu,Rameswaram,Ramanathaswamy Temple,Temple,Unknown,1.5,4.7,0,Yes,,Religious,No,0.1,All,https://upload.wikimedia.org/wikipedia/commons/thumb/8/84/Ramanathaswamy_temple7.JPG/1200px-Ramanathaswamy_temple7.JPG,Dravidian,Date not found in infobox,9.2844657,79.3125553
Northern,Delhi,Delhi,Akshardham Temple,Temple,2005,5.0,4.6,60,Yes,,Religious,No,0.4,Afternoon,https://i0.wp.com/singhruby.com/wp-content/uploads/2016/01/akshardham_facts_and_figure_banner.jpg,Swaminarayan architecture,Date not found in infobox,28.6138954,77.2090057
Western,Maharastra,Mumbai,Gateway of India,Monument,1924,1.0,4.6,0,Yes,,Historical,Yes,3.6,All,https://upload.wikimedia.org/wikipedia/commons/thumb/3/3a/Mumbai_03-2016_30_Gateway_of_India.jpg/800px-Mumbai_03-2016_30_Gateway_of_India.jpg,Indo-Saracenic,31 March 1913 ; 112 years ago ( 31 March 1913 ),19.054999,72.8692035
Western,Maharastra,Mumbai,Chhatrapati Shivaji Maharaj Vastu Sangrahalaya,Museum,1922,1.0,4.6,500,Yes,,Historical,Yes,0.34,All,https://upload.wikimedia.org/wikipedia/commons/7/79/Chhatrapati_Shivaji_Maharaj_Vastu_Sangrahalaya.jpg,Indo-Saracenic,10 January 1922 ; 103 years ago ( 1922-01-10 ),19.054999,72.8692035
Southern,Karnataka,Bangalore,ISKCON Temple Bangalore,Temple,1997,1.0,4.6,0,Yes,,Religious,Yes,1.14,Evening,https://upload.wikimedia.org/wikipedia/commons/1/11/ISKCON_Banglaore_Temple.jpg,Neo-Dravidian,1997 ; 28 years ago ( 1997 )  ,12.9767936,77.590082
Eastern,West Bengal,Kolkata,Victoria Memorial,Museum,1921,1.5,4.6,30,Yes,Monday,Historical,Yes,0.73,Morning,https://upload.wikimedia.org/wikipedia/commons/7/72/Victoria_Memorial_situated_in_Kolkata.jpg,Indo-Saracenic,1921 ; 104 years ago ( 1921 ),22.5726459,88.3638953
Eastern,West Bengal,Kolkata,Indian Museum,Museum,1814,2.0,4.6,50,Yes,Monday,Historical,Yes,0.18,Morning,https://upload.wikimedia.org/wikipedia/commons/8/8c/Indian_Museum%2C_Courtyard%2C_Kolkata%2C_India.jpg,Neoclassical,2 February 1814 ; 211 years ago ( 1814-02-02 ),22.5726459,88.3638953
Western,Gujarat,Kevadia,Statue of Unity,Monument,2018,3.0,4.6,350,No,Monday,Historical,Yes,0.67,All,https://upload.wikimedia.org/wikipedia/commons/0/07/Statue_of_Unity.jpg,Modern Realist,Date not found in infobox,21.2947722,73.1472445
Northern,Rajasthan,Jodhpur,Mehrangarh Fort,Fort,1459,2.0,4.6,100,Yes,,Historical,Yes,0.64,All,https://cdn.britannica.com/39/242539-050-97AFAE4E/Mehrangarh-fortress-Jodhpur-Rajasthan-India.jpg,Rajput Architecture,1459 ; 566 years ago ( 1459 ),26.2967719,73.0351433
Northern,Rajasthan,Chittorgarh,Chittorgarh Fort,Fort,700,2.0,4.6,40,No,,Historical,Yes,1.9,All,https://upload.wikimedia.org/wikipedia/commons/thumb/3/3a/Chittorgarh_fort.JPG/1200px-Chittorgarh_fort.JPG,Rajput architecture,Date not found in infobox,24.7171578,74.4718129
Northern,Rajasthan,Mount Abu,Dilwara Temples,Temple,1100,1.0,4.6,0,No,,Religious,No,0.05,All,https://upload.wikimedia.org/wikipedia/commons/8/81/Delwada.jpg,Maru-Gurjara architecture,1031,24.592433,72.7081876
Northern,Rajasthan,Jaipur,Amber Fort,Fort,1592,2.0,4.6,100,Yes,,Historical,Yes,1.5,All,https://upload.wikimedia.org/wikipedia/commons/thumb/f/fb/20191219_Fort_Amber%2C_Amer%2C_Jaipur_0955_9481.jpg/800px-20191219_Fort_Amber%2C_Amer%2C_Jaipur_0955_9481.jpg,Rajput-Mughal,1592 ; 433 years ago ( 1592 ) ,26.9154576,75.8189817
Southern,Karnataka,Mysore,Mysore Palace,Palace,1912,2.0,4.6,50,Yes,,Historical,Yes,2.5,All,https://upload.wikimedia.org/wikipedia/commons/thumb/a/a4/Mysore_Palace_Morning.jpg/1200px-Mysore_Palace_Morning.jpg,Indo-Saracenic,1897,12.3051828,76.6553609
Southern,Karnataka,Badami,Badami Cave Temples,Cave,600,1.5,4.6,30,No,,Religious,No,0.2,All,https://upload.wikimedia.org/wikipedia/commons/7/7b/Vishnu_image_inside_cave_number_3_in_Badami.jpg,Chalukyan,Date not found in infobox,15.9203874,75.6807865
Western,Maharastra,Aurangabad,Ajanta Caves,Cave,200,3.0,4.6,30,Yes,Monday,Historical,Yes,0.21,Afternoon,https://upload.wikimedia.org/wikipedia/commons/thumb/c/c3/Ajanta_%2863%29.jpg/300px-Ajanta_%2863%29.jpg,Rock-cut architecture,Date not found in infobox,19.8597998,75.3114008
Central,Uttar Pradesh,Sarnath,Dhamek Stupa,Monument,-500,1.0,4.6,5,Yes,,Historical,Yes,0.065,All,https://upload.wikimedia.org/wikipedia/commons/0/02/Dhamek_Stupa%2C_Sarnath.jpg,Gupta,5th-6th century AD ,25.3776274,83.0275999
Eastern,West Bengal,Hooghly,Hangseswari Temple,Temple,1814,0.5,4.6,0,Yes,,Architectural,No,0.07,All,https://upload.wikimedia.org/wikipedia/commons/0/07/Hanseswari_Mandir.jpg,Bengal Temple Architecture,1814 ; 211 years ago ( 1814 ),22.9099403,88.0120825
Eastern,Odisha,Bhubaneswar,Lingaraj Temple,Temple,11th century,1.0,4.6,0,Yes,,Religious,No,0.35,All,https://upload.wikimedia.org/wikipedia/commons/8/83/LINGARAJ_TEMPLE_AMLAN_BISWAL_2024.jpg,Kalinga architecture,11th century CE,20.2602964,85.8394521
Eastern,Odisha,Berhampur,Tara Tarini Temple,Temple,Ancient,1.0,4.6,0,Yes,,Religious,No,0.01,All,https://upload.wikimedia.org/wikipedia/commons/b/bb/Taratarini_maa.jpg,Kalinga architecture,Date not found in infobox,21.4930852,86.6327298
Southern,Tamil Nadu,Rameswaram,Ramanathaswamy Temple,Temple,12th century,1.5,4.6,0,No,,Religious,No,0.01,All,https://upload.wikimedia.org/wikipedia/commons/thumb/8/84/Ramanathaswamy_temple7.JPG/1200px-Ramanathaswamy_temple7.JPG,Dravidian architecture,Date not found in infobox,9.2844657,79.3125553
Southern,Tamil Nadu,Mahabalipuram,Shore Temple,Temple,7th century,1.0,4.6,40,Yes,,Historical,No,0.09,All,https://upload.wikimedia.org/wikipedia/commons/7/74/Shore_Temple_-Mamallapuram_-Tamil_Nadu_-N-TN-C55.jpg,Pallava architecture,c. 725 AD,12.6195981,80.1936497
Southern,Tamil Nadu,Tirunelveli,Nellaiappar Temple,Temple,7th century,1.0,4.6,0,Yes,,Religious,No,0.16,All,https://upload.wikimedia.org/wikipedia/commons/b/b8/Tirnelveli_Gandhimathiamman_Temple_Tower.JPG,Dravidian,700 CE,8.5495014,77.5805178
Southern,Andhra Pradesh,Visakhapatnam,Submarine Museum,Museum,22,1.0,4.6,40,Yes,,Historical,Yes,0.49,All,https://upload.wikimedia.org/wikipedia/commons/thumb/3/34/Submarine_Museum.JPG/1200px-Submarine_Museum.JPG,Naval design,22 November 2011,17.6935526,83.2921297
North Eastern,Assam,Guwahati,Kamakhya Temple,Temple,Unknown,2.0,4.6,0,Yes,,Religious,No,0.21,All,https://upload.wikimedia.org/wikipedia/commons/thumb/d/dc/Kamakhya_Temple%2C_Guwahati.jpg/1200px-Kamakhya_Temple%2C_Guwahati.jpg,Nilachal Style,9th-17th century ,26.1805978,91.753943
Western,Daman and Diu,Diu,Diu Fort,Fort,1535,1.5,4.6,0,No,,Historical,Yes,1.2,Afternoon,https://dynamic-media-cdn.tripadvisor.com/media/photo-o/10/53/f4/8e/beutiful-place.jpg?w=900&h=500&s=1,Portuguese Colonial,16th century,20.7159534,70.9785005
Eastern,Jharkhand,Ranchi,Pahari Mandir,Temple,Unknown,1.0,4.6,0,Yes,,Religious,Yes,0.13,All,https://upload.wikimedia.org/wikipedia/commons/0/0d/Pahari_Mandir_-_Ranchi_Hill_9243.JPG,Nagara style,Date not found in infobox,23.3700501,85.3250387
Northern,Delhi,Delhi,Humayun's Tomb,Tomb,1572,2.0,4.5,30,Yes,,Historical,Yes,0.4,Afternoon,https://whc.unesco.org/uploads/thumbs/site_0232_0005-750-750-20210425155601.jpg,Mughal,Date not found in infobox,28.6138954,77.2090057
Northern,Delhi,Delhi,Lotus Temple,Temple,1986,1.0,4.5,0,Yes,Monday,Religious,Yes,0.59,Evening,https://upload.wikimedia.org/wikipedia/commons/thumb/f/fc/LotusDelhi.jpg/800px-LotusDelhi.jpg,Expressionist,13 November 1986 ; 39 years ago ( 13 November 1986 ),28.6138954,77.2090057
Northern,Delhi,Delhi,Red Fort,Fort,1648,2.0,4.5,35,Yes,,Historical,Yes,1.5,Afternoon,https://cdn.britannica.com/20/189820-050-D650A54D/Red-Fort-Old-Delhi-India.jpg,Mughal architecture,"12 May
 1639 – 6 April 1648 ; 377 years ago ( 6 April 1648 )",28.6138954,77.2090057
Northern,Delhi,Delhi,National Gallery of Modern Art,Museum,1954,3.0,4.5,20,Yes,Monday,Artistic,Yes,0.08,All,https://upload.wikimedia.org/wikipedia/commons/3/31/Jaipur_House_Delhi.jpg,Lutyens's style,29 March 1954 ( 1954-03-29 ),28.6138954,77.2090057
Northern,Delhi,Delhi,Qutub Minar,Monument,1192,1.0,4.5,35,Yes,,Historical,Yes,1.37,Afternoon,https://upload.wikimedia.org/wikipedia/commons/thumb/c/c0/Qutb_Minar_2011.jpg/200px-Qutb_Minar_2011.jpg,,Date not found in infobox,28.6138954,77.2090057
Western,Gujarat,Gandhinagar,Dandi Kutir,Museum,2013,1.5,4.5,0,No,,Historical,Yes,0.05,All,https://dandi-kutir.com/wp-content/uploads/2023/07/Picture2.jpg,,10 May 1963 (memorial museum),23.2232877,72.6492267
Northern,Rajasthan,Bikaner,Junagarh Fort,Fort,1589,2.0,4.5,50,Yes,,Historical,Yes,0.32,All,https://dynamic-media-cdn.tripadvisor.com/media/photo-o/10/38/91/24/outside-of-the-fort.jpg?w=900&h=-1&s=1,,1589–1594,28.0159286,73.3171367
Northern,Rajasthan,Jaipur,Jaigarh Fort,Fort,1726,1.5,4.5,35,Yes,,Historical,Yes,0.3,All,https://upload.wikimedia.org/wikipedia/commons/3/34/Rajasthan-Jaipur-Jaigarh-Fort-compound-Apr-2004-00.JPG,,Date not found in infobox,26.9154576,75.8189817
Southern,Kerala,Bekal,Bekal Fort,Fort,1650,1.5,4.5,20,No,,Historical,Yes,0.22,All,https://upload.wikimedia.org/wikipedia/commons/7/74/Bekal.jpg,,Date not found in infobox,12.395725,75.0371916
Western,Maharastra,Nagpur,Deekshabhoomi,Monument,2001,1.0,4.5,0,Yes,,Religious,Yes,0.11,Afternoon,https://upload.wikimedia.org/wikipedia/commons/3/38/Deekshabhoomi_-_panoramio.jpg,,July 1978,21.1498134,79.0820556
Central,Madhya Pradesh,Gwalior,Gwalior Fort,Fort,900,2.5,4.5,75,Yes,,Historical,Yes,0.4,Morning,https://upload.wikimedia.org/wikipedia/commons/thumb/1/15/Gwalior_Fort_front.jpg/1200px-Gwalior_Fort_front.jpg,,"6th century, The modern-day fort, consisting of a defensive structure and six palaces with several Temples. Later renovated by Scindias  in 1916",26.2037247,78.1573628
Northern,Uttarakhand,Dehradun,Robber's Cave,Cave,Unknown,1.5,4.5,25,Yes,,Nature,Yes,0.01,Morning,https://d1pk12b7bb81je.cloudfront.net/thumbor/o351uGqYDHJbvUVOv7pk1r1-SrE=/full-fit-in/800x800/https://d1pk12b7bb81je.cloudfront.net/okdataengine/appmedia/images/117/117542/Robbers%20Cave%20Oct%202019_LD_5283.jpeg.jpg,,Date not found in infobox,30.3255646,78.0436813
Northern,Jammu and Kashmir,Anantnag,Amarnath Cave,Temple,Unknown,6.0,4.5,0,No,,Religious,Yes,0.11,All,https://upload.wikimedia.org/wikipedia/commons/6/66/Cave_Temple_of_Lord_Amarnath.jpg,,Date not found in infobox,33.74611,75.1854475
Eastern,West Bengal,Murshidabad,Hazarduari Palace,Palace,1837,1.5,4.5,10,Yes,Friday,Historical,Yes,0.18,Morning,https://upload.wikimedia.org/wikipedia/commons/e/e8/Hazarduari01_debaditya_chatterjee.jpg,,December 1837,24.1745993,88.2721335
Eastern,West Bengal,Cooch Behar,Cooch Behar Palace,Palace,1887,1.0,4.5,20,Yes,Friday,Historical,Yes,0.09,All,https://upload.wikimedia.org/wikipedia/commons/8/81/The_Cooch_Behar_Palace_or_the_Cooch_Behar_Rajbari%2C_Cooch_Behar_District%2C_West_Bengal%2C_India_01.jpg,,1887 ; 138 years ago ( 1887 ),26.2559197,89.4201143
Eastern,Odisha,Cuttack,Barabati Fort,Fort,-987,1.0,4.5,0,Yes,,Historical,Yes,0.13,All,https://upload.wikimedia.org/wikipedia/commons/9/95/Entrance_of_Barabati_fort.jpg,,989 CE,20.4686,85.8792
Southern,Andhra Pradesh,Kadapa,Gandikota Fort,Fort,12th century,1.5,4.5,0,No,,Historical,Yes,0.015,Morning,https://dynamic-media-cdn.tripadvisor.com/media/photo-o/15/4a/20/f2/grand-canyon-of-india.jpg?w=1200&h=1200&s=1,,12th Century A. D.,14.4752936,78.8216861
Southern,Andhra Pradesh,Visakhapatnam,Borra Caves,Cave,Unknown,2.0,4.5,60,No,,Natural Wonder,Yes,0.31,Afternoon,https://dynamic-media-cdn.tripadvisor.com/media/photo-o/0f/9d/80/6a/borra-caves.jpg?w=1200&h=1200&s=1,,1807,17.6935526,83.2921297
North Eastern,Assam,Hajo,Hayagriva Madhava Temple,Temple,Unknown,1.0,4.5,0,No,,Religious,Yes,0.9,All,https://upload.wikimedia.org/wikipedia/commons/c/c7/Hagriva_Madhava_Temple_side_view2.jpg,,1583 ; 442 years ago ( 1583 ),26.2359766,91.542348
North Eastern,Tripura,Agartala,Ujjayanta Palace,Palace,1901,1.5,4.5,10,Yes,Monday,Historical,Yes,0.035,All,https://upload.wikimedia.org/wikipedia/commons/c/c8/Ujjayanta_palace_Tripura_State_Museum_Agartala_India.jpg,,1901 ; 124 years ago ( 1901 ),23.8312377,91.2823821
Western,Daman and Diu,Diu,Naida Caves,Cave,Unknown,1.0,4.5,0,No,,Nature,Yes,0.6,Afternoon,https://dynamic-media-cdn.tripadvisor.com/media/photo-o/0d/a3/00/53/img-20161116-140018-largejpg.jpg?w=1200&h=-1&s=1,,Date not found in infobox,20.7159534,70.9785005
Southern,Telangana,Hyderabad,Golconda Fort,Fort,1600,2.0,4.4,30,Yes,,Historical,Yes,1.2,Morning,https://upload.wikimedia.org/wikipedia/commons/5/56/Golconda_Fort_005.jpg,,11th century,17.360589,78.4740613
Southern,Telangana,Hyderabad,Salar Jung Museum,Museum,1951,2.0,4.4,20,Yes,,Historical,Yes,0.67,All,https://upload.wikimedia.org/wikipedia/commons/thumb/a/ac/Salar_Jung_Museum%2C_Hyderabad%2C_India.jpg/800px-Salar_Jung_Museum%2C_Hyderabad%2C_India.jpg,,16 December 1951 ; 74 years ago ( 1951-12-16 ),17.360589,78.4740613
Southern,Telangana,Hyderabad,Qutb Shahi Tombs,Tombs,1600,1.0,4.4,25,Yes,,Historical,Yes,0.2,Morning,https://upload.wikimedia.org/wikipedia/commons/0/08/Qutb_Shahi_Tomb_5.jpg,,16th and 17th centuries,17.360589,78.4740613
Southern,Telangana,Hyderabad,Chowmahalla Palace,Palace,1800,1.5,4.4,80,Yes,,Historical,Yes,0.45,Morning,https://upload.wikimedia.org/wikipedia/commons/thumb/c/ce/Chowmahalla_Palace_01.jpg/800px-Chowmahalla_Palace_01.jpg,,1750,17.360589,78.4740613
Eastern,West Bengal,Kolkata,Kalighat Kali Temple,Temple,1809,1.0,4.4,0,Yes,,Religious,Yes,0.5,Morning,https://www.templepurohit.com/wp-content/uploads/2015/01/Kalighat-Kali-Temple-Kolkata.jpg,,1809,22.5726459,88.3638953
Eastern,West Bengal,Kolkata,Marble Palace,Palace,1835,1.0,4.4,0,Yes,,Historical,Yes,0.1,Afternoon,https://upload.wikimedia.org/wikipedia/commons/thumb/8/84/Marble_Palace-_Kolkata-_West_Bengal-_DSC_0006.jpg/1200px-Marble_Palace-_Kolkata-_West_Bengal-_DSC_0006.jpg,,1785,22.5726459,88.3638953
Western,Gujarat,Vadodara,Laxmi Vilas Palace,Palace,1890,2.0,4.4,200,Yes,Monday,Historical,Yes,0.17,Afternoon,https://upload.wikimedia.org/wikipedia/commons/b/bd/LakshmiVilas_Palace.jpg,,1890,22.2973142,73.1942567
Northern,Rajasthan,Jaipur,Hawa Mahal,Palace,1799,1.0,4.4,50,Yes,,Architectural,Yes,1.3,Morning,https://upload.wikimedia.org/wikipedia/commons/4/41/East_facade_Hawa_Mahal_Jaipur_from_ground_level_%28July_2022%29_-_img_01.jpg,,1799 ; 226 years ago ( 1799 ),26.9154576,75.8189817
Northern,Rajasthan,Udaipur,City Palace,Palace,1559,2.0,4.4,300,Yes,,Historical,Yes,0.51,All,https://upload.wikimedia.org/wikipedia/commons/a/a4/Chandra_Mahal%2C_City_Palace%2C_Jaipur%2C_20191218_0951_9043.jpg,,1559,24.578721,73.6862571
Northern,Rajasthan,Jaisalmer,Jaisalmer Fort,Fort,1156,2.5,4.4,50,No,,Historical,Yes,0.56,All,https://upload.wikimedia.org/wikipedia/commons/thumb/4/47/Jaisalmer_forteresse.jpg/1200px-Jaisalmer_forteresse.jpg,,1156 ; 869 years ago ( 1156 ),26.9116615,70.9124888
Northern,Rajasthan,Pushkar,Pushkar Lake,Temple,1400,1.5,4.4,0,No,,Religious,Yes,1.6,All,https://upload.wikimedia.org/wikipedia/commons/c/c3/Evening_lights_by_the_Pushkar_Lake%2C_Pushkar.jpg,,Date not found in infobox,26.4876472,74.5578484
Southern,Kerala,Kannur,St. Angelo Fort,Fort,1505,1.0,4.4,20,Yes,,Historical,Yes,0.11,All,https://upload.wikimedia.org/wikipedia/commons/6/65/Malta_-_Birgu_-_Fort_Saint_Angelo_%28Upper_Barrakka_Gardens%29_01_ies.jpg,,Date not found in infobox,11.8763836,75.3737973
Western,Maharastra,Pune,Shaniwar Wada,Fort,1732,2.0,4.4,50,Yes,,Historical,Yes,1.2,All,https://upload.wikimedia.org/wikipedia/commons/thumb/d/d1/Shaniwar_wada_%28pune%29.jpg/1200px-Shaniwar_wada_%28pune%29.jpg,,22 January 1732 ; 293 years ago ( 1732-01-22 ),18.5213738,73.8545071
Western,Maharastra,Lonavala,Karla Caves,Cave,200,1.5,4.4,25,Yes,Yes,Historical,Yes,0.27,Afternoon,https://upload.wikimedia.org/wikipedia/commons/f/ff/Karla_caves_Chaitya.jpg,,Date not found in infobox,18.7503694,73.4069436
Central,Madhya Pradesh,Indore,Rajwada Palace,Palace,1747,1.0,4.4,10,Yes,,Historical,Yes,0.63,Afternoon,https://upload.wikimedia.org/wikipedia/commons/e/e1/Indore_Rajwada01.jpg,,1747,22.7203616,75.8681996
Central,Madhya Pradesh,Amarkantak,Narmada Udgam Temple,Temple,1200,1.0,4.4,0,No,,Religious,Yes,0.01,All,https://dynamic-media-cdn.tripadvisor.com/media/photo-o/0d/bb/f0/f6/photo.jpg?w=1200&h=-1&s=1,,Date not found in infobox,22.670465,81.7588417
Northern,Himachal Pradesh,Kangra,Kangra Fort,Fort,400,2.0,4.4,150,Yes,,Historical,Yes,0.1,All,https://upload.wikimedia.org/wikipedia/commons/f/f0/Kangra_Fort_%2CHimachal_Pradesh_06.jpg,,Katoch Dynasty,32.0768665,76.2985872
Central,Uttar Pradesh,Lucknow,Bara Imambara,Monument,1784,1.5,4.4,50,Yes,Monday,Historical,No,0.45,All,https://static.toiimg.com/thumb/103890956/Bara-Imambara.jpg?width=1200&height=900,,1784,26.8381,80.9346001
Central,Uttar Pradesh,Jhansi,Jhansi Fort,Fort,1613,1.5,4.4,15,Yes,,Historical,Yes,0.25,All,https://upload.wikimedia.org/wikipedia/commons/e/e8/Jhansi_Fort.jpg,,Date not found in infobox,25.529855,78.6527802
Central,Uttar Pradesh,Fatehpur Sikri,Buland Darwaza,Monument,1571,2.0,4.4,40,Yes,,Historical,Yes,0.07,Afternoon,https://upload.wikimedia.org/wikipedia/commons/thumb/b/b5/Fatehput_Sikiri_Buland_Darwaza_gate_2010.jpg/800px-Fatehput_Sikiri_Buland_Darwaza_gate_2010.jpg,,,27.0911655,77.6623984
Southern,Andhra Pradesh,Kurnool,Belum Caves,Cave,Unknown,1.5,4.4,65,Yes,,Natural Wonder,Yes,0.11,Afternoon,https://dynamic-media-cdn.tripadvisor.com/media/photo-o/11/1c/95/33/group-outing-belum-caves3.jpg?w=1200&h=-1&s=1,,Date not found in infobox,15.8309251,78.0425373
Northern,Rajasthan,Jaipur,City Palace,Palace,1727,2.0,4.4,200,Yes,,Historical,Yes,0.51,Morning,https://upload.wikimedia.org/wikipedia/commons/a/a4/Chandra_Mahal%2C_City_Palace%2C_Jaipur%2C_20191218_0951_9043.jpg,,1559,26.9154576,75.8189817
Western,Maharastra,Mumbai,Elephanta Caves,Monument,1987,4.0,4.3,550,Yes,,Historical,Yes,0.35,All ,https://whc.unesco.org/uploads/thumbs/site_0244_0004-750-750-20100705114254.jpg,,Date not found in infobox,19.054999,72.8692035
Southern,Karnataka,Bangalore,Bangalore Palace,Palace,1878,2.0,4.2,500,Yes,Monday,Historical,Yes,0.9,Morning,https://upload.wikimedia.org/wikipedia/commons/8/8f/Bangalore_Mysore_Maharaja_Palace.jpg,,April 1874,12.9767936,77.590082
Southern,Goa,Goa,Fort Aguada,Fort,1612,1.5,4.2,0,Yes,,Historical,Yes,0.95,Morning,https://upload.wikimedia.org/wikipedia/commons/a/ad/Fort_aguada.jpg,,1612 ; 413 years ago ( 1612 ),15.4989946,73.8282141
Southern,Goa,Goa,Chapora Fort,Fort,1617,1.0,4.2,0,Yes,,Historical,Yes,0.19,Evening,https://upload.wikimedia.org/wikipedia/commons/3/35/Fort_Chapora_26012016.jpg,,1617 ; 408 years ago ( 1617 ),15.4989946,73.8282141
Central,Uttar Pradesh,Aligarh,Aligarh Fort,Fort,1524,1.0,4.1,20,Yes,,Historical,Yes,0.0165,Afternoon,https://upload.wikimedia.org/wikipedia/commons/7/74/Aligarh_fort%2C_Aligarh.jpg,,,27.8761073,78.1358153
